ext_gene	ens_gene	source	cM_Chr	cM_Pos1	cM_Pos2	cM
aha-1	WBGene00000095	modERN_TF	I	10153895	10794373	27
ahr-1	WBGene00000096	modERN_TF	I	9228602	9997141	26
alr-1	WBGene00044330	modERN_TF	X	10759592	11330242	24
aly-1	WBGene00000120	modERN_TF	IV	8377630	9402396	31.5
aly-2	WBGene00000121	modERN_TF	IV	8377630	9402396	31.5
atf-7	WBGene00000223	modERN_TF	III	4274158	4713004	24.5
athp-1	WBGene00008081	modERN_TF	III	10750246	10948611	33
attf-4	WBGene00015477	modERN_TF	III	5366576	6408957	26
blmp-1	WBGene00003847	modERN_TF	I	10153895	10794373	27
cebp-1	WBGene00016997	modERN_TF	X	1121937	1506601	3
ceh-14	WBGene00000438	modERN_TF	X	6915607	7568436	19.5
ceh-16	WBGene00000439	modERN_TF	III	8357687	9148570	27.5
ceh-18	WBGene00000441	modERN_TF	X	3742394	3933814	12
ceh-22	WBGene00000445	modERN_TF	V	10255273	11073883	23
ceh-24	WBGene00000447	modERN_TF	V	13543653	14010983	26
ceh-28	WBGene00000450	modERN_TF	X	13071563	13246432	31.5
ceh-2	WBGene00000429	modERN_TF	I	6024097	6507969	23
ceh-30	WBGene00000451	modERN_TF	X	3058542	3138159	9
ceh-31	WBGene00000452	modERN_TF	X	3058542	3138159	9
ceh-32	WBGene00000453	modERN_TF	V	11073884	11839307	23.5
ceh-34	WBGene00000455	modERN_TF	V	5098472	5419461	18
ceh-36	WBGene00000457	modERN_TF	X	14109613	14584352	38
ceh-48	WBGene00015934	modERN_TF	IV	6786916	8377629	31
ceh-62	WBGene00011069	modERN_TF	II	10508275	11464067	21.5
ceh-79	WBGene00007749	modERN_TF	V	13129832	13543652	25.5
ceh-82	WBGene00018433	modERN_TF	II	1650041	1739449	3.5
ceh-90	WBGene00010995	modERN_TF	X	14109613	14584352	38
ceh-9	WBGene00000434	modERN_TF	I	119425	597685	3
ces-1	WBGene00000468	modERN_TF	I	8216308	8811035	25
che-1	WBGene00000483	modERN_TF	I	6507970	7051060	23.5
cog-1	WBGene00000584	modERN_TF	II	14793117	15079683	42
crh-2	WBGene00016162	modERN_TF	II	5142274	5444709	16.5
daf-12	WBGene00000908	modERN_TF	X	10340622	10759591	23.5
daf-16	WBGene00000912	modERN_TF	I	10153895	10794373	27
dao-5	WBGene00000931	modERN_TF	I	10153895	10794373	27
die-1	WBGene00000995	modERN_TF	II	9517707	10142526	20
dmd-4	WBGene00007776	modERN_TF	X	14739457	14868383	42.5
dpff-1	WBGene00016200	modERN_TF	III	5366576	6408957	26
dpl-1	WBGene00001061	modERN_TF	II	9016621	9517706	19.5
dsc-1	WBGene00001096	modERN_TF	X	14868384	15114742	43
duxl-1	WBGene00022554	modERN_TF	II	1650041	1739449	3.5
dve-1	WBGene00022861	modERN_TF	X	377266	640149	1.5
efl-1	WBGene00001161	modERN_TF	V	16680840	16977531	31.5
egl-13	WBGene00001182	modERN_TF	X	5593246	5937928	17
egl-5	WBGene00001174	modERN_TF	III	7108713	8357686	27
elt-1	WBGene00001249	modERN_TF	IV	9402397	10911052	32
elt-2	WBGene00001250	modERN_TF	X	10340622	10759591	23.5
elt-3	WBGene00001251	modERN_TF	X	13935450	14002215	37
eor-1	WBGene00001324	modERN_TF	IV	4792961	5489572	29
ets-4	WBGene00017687	modERN_TF	X	6345571	6722000	18.5
ets-7	WBGene00017601	modERN_TF	V	6895894	7914906	21
eyg-1	WBGene00013147	modERN_TF	II	9517707	10142526	20
fax-1	WBGene00001400	modERN_TF	X	3190213	3302266	10.5
fkh-10	WBGene00001442	modERN_TF	I	10153895	10794373	27
fkh-2	WBGene00001434	modERN_TF	X	3573300	3742393	11.5
fkh-8	WBGene00001440	modERN_TF	II	6089372	6705811	18
fos-1	WBGene00001345	modERN_TF	V	5981256	6507941	20
gmeb-2	WBGene00010010	modERN_TF	X	15356700	15916313	44
hif-1	WBGene00001851	modERN_TF	V	20201455	20924180	45.5
him-1	WBGene00001860	modERN_TF	I	4723439	5173246	21.5
hlh-15	WBGene00001959	modERN_TF	X	2235358	2418151	5.5
hlh-1	WBGene00001948	modERN_TF	II	4428624	4539502	14
hlh-30	WBGene00020930	modERN_TF	IV	3966596	4085443	26.5
hlh-4	WBGene00001951	modERN_TF	III	9600783	9925044	28.5
hlh-6	WBGene00001952	modERN_TF	II	9517707	10142526	20
hlh-8	WBGene00001953	modERN_TF	X	7882727	8121022	20.5
hmbx-1	WBGene00018786	modERN_TF	I	899878	1045683	4.5
hmg-11	WBGene00001976	modERN_TF	II	4539503	4697882	14.5
hnd-1	WBGene00001981	modERN_TF	X	11651886	11688668	27
irx-1	WBGene00007984	modERN_TF	I	9228602	9997141	26
jun-1	WBGene00012005	modERN_TF	II	9016621	9517706	19.5
let-607	WBGene00002783	modERN_TF	I	6507970	7051060	23.5
lim-6	WBGene00002988	modERN_TF	X	911102	1121936	2.5
lin-35	WBGene00003020	modERN_TF	I	5571468	6024096	22.5
lir-3	WBGene00003046	modERN_TF	II	10508275	11464067	21.5
lsy-12	WBGene00045419	modERN_TF	V	9094972	10255272	22.5
lsy-2	WBGene00003087	modERN_TF	X	1800881	2143990	4
madf-10	WBGene00013717	modERN_TF	I	10153895	10794373	27
madf-2	WBGene00009461	modERN_TF	I	11198741	11429441	30
mbf-1	WBGene00003148	modERN_TF	IV	10911053	11712976	32.5
mdl-1	WBGene00003163	modERN_TF	X	6722001	6915606	19
mef-2	WBGene00003182	modERN_TF	I	8811036	9228601	25.5
mls-2	WBGene00003377	modERN_TF	X	4650551	4775581	14.5
mxl-1	WBGene00003509	modERN_TF	V	11073884	11839307	23.5
nfya-1	WBGene00011614	modERN_TF	X	11728472	11996652	28
nhr-102	WBGene00003692	modERN_TF	V	15798789	16062762	29.5
nhr-10	WBGene00003609	modERN_TF	III	7108713	8357686	27
nhr-11	WBGene00003610	modERN_TF	IV	8377630	9402396	31.5
nhr-12	WBGene00003611	modERN_TF	V	9094972	10255272	22.5
nhr-179	WBGene00017512	modERN_TF	V	1613620	1804730	2.5
nhr-20	WBGene00003619	modERN_TF	III	4109981	4274157	24
nhr-21	WBGene00003620	modERN_TF	II	7070119	9016620	19
nhr-232	WBGene00012494	modERN_TF	V	10255273	11073883	23
nhr-237	WBGene00021610	modERN_TF	V	1613620	1804730	2.5
nhr-23	WBGene00003622	modERN_TF	I	7051061	7586332	24
nhr-25	WBGene00003623	modERN_TF	X	13010877	13071562	31
nhr-47	WBGene00003637	modERN_TF	V	5419462	5549667	18.5
nhr-48	WBGene00003638	modERN_TF	X	15356700	15916313	44
nhr-71	WBGene00003661	modERN_TF	X	13720873	13815213	36
nhr-76	WBGene00015497	modERN_TF	IV	604787	635944	3.5
nhr-80	WBGene00003670	modERN_TF	III	1220	517859	0.5
nhr-84	WBGene00003674	modERN_TF	V	15798789	16062762	29.5
nhr-85	WBGene00003675	modERN_TF	I	12964651	13067798	39
nhr-90	WBGene00003680	modERN_TF	V	6585	1363075	0.5
npax-4	WBGene00007496	modERN_TF	IV	8377630	9402396	31.5
pag-3	WBGene00003909	modERN_TF	X	14868384	15114742	43
pax-1	WBGene00003937	modERN_TF	V	7914907	8518051	21.5
peb-1	WBGene00003968	modERN_TF	X	2143991	2218703	4.5
pha-2	WBGene00004011	modERN_TF	X	377266	640149	1.5
pha-4	WBGene00004013	modERN_TF	V	20201455	20924180	45.5
pop-1	WBGene00004077	modERN_TF	I	2815577	2839726	16.5
pqm-1	WBGene00004096	modERN_TF	II	10508275	11464067	21.5
pros-1	WBGene00000448	modERN_TF	III	7108713	8357686	27
rbr-2	WBGene00004319	modERN_TF	IV	10911053	11712976	32.5
rec-8	WBGene00004333	modERN_TF	IV	13153200	13371197	36
ref-2	WBGene00004335	modERN_TF	X	7568437	7882726	20
repo-1	WBGene00008683	modERN_TF	IV	11712977	12137032	33
rnt-1	WBGene00004393	modERN_TF	I	5571468	6024096	22.5
rpc-1	WBGene00004411	modERN_TF	IV	6786916	8377629	31
sdc-2	WBGene00004746	modERN_TF	X	11492948	11552410	25.5
sdz-38	WBGene00014131	modERN_TF	II	9517707	10142526	20
sem-4	WBGene00004773	modERN_TF	I	6507970	7051060	23.5
skn-1	WBGene00004804	modERN_TF	IV	5489573	5721863	29.5
sma-3	WBGene00004857	modERN_TF	III	6408958	7108712	26.5
sma-9	WBGene00004862	modERN_TF	X	10759592	11330242	24
snpc-1.1	WBGene00015513	modERN_TF	II	7070119	9016620	19
snpc-3.4	WBGene00011367	modERN_TF	III	3737095	4109980	23.5
snpc-4	WBGene00001568	modERN_TF	I	8811036	9228601	25.5
snu-23	WBGene00022794	modERN_TF	III	7108713	8357686	27
spr-1	WBGene00005006	modERN_TF	V	7914907	8518051	21.5
sptf-1	WBGene00009743	modERN_TF	I	10153895	10794373	27
swsn-7	WBGene00007433	modERN_TF	II	7070119	9016620	19
syd-9	WBGene00044068	modERN_TF	X	6915607	7568436	19.5
tbx-2	WBGene00006543	modERN_TF	III	4971223	5366575	25.5
tbx-7	WBGene00006544	modERN_TF	III	5366576	6408957	26
tra-4	WBGene00018740	modERN_TF	X	2799919	3058541	8.5
ttx-3	WBGene00006654	modERN_TF	X	11728472	11996652	28
unc-130	WBGene00006853	modERN_TF	II	10508275	11464067	21.5
unc-30	WBGene00006766	modERN_TF	IV	13067462	13153199	35.5
unc-39	WBGene00006775	modERN_TF	V	14010984	14523638	26.5
unc-3	WBGene00006743	modERN_TF	X	14739457	14868383	42.5
unc-42	WBGene00006778	modERN_TF	V	9094972	10255272	22.5
unc-55	WBGene00006790	modERN_TF	I	7586333	8216307	24.5
unc-62	WBGene00006796	modERN_TF	V	4418249	4548435	15
unc-86	WBGene00006818	modERN_TF	III	7108713	8357686	27
vab-15	WBGene00006881	modERN_TF	X	9714422	10340621	23
xbp-1	WBGene00006959	modERN_TF	III	4109981	4274157	24
xnd-1	WBGene00001514	modERN_TF	III	5366576	6408957	26
zfp-2	WBGene00009448	modERN_TF	II	9517707	10142526	20
zip-5	WBGene00007932	modERN_TF	V	13129832	13543652	25.5
zip-8	WBGene00017755	modERN_TF	III	6408958	7108712	26.5
ztf-11	WBGene00009939	modERN_TF	I	9228602	9997141	26
ztf-16	WBGene00019960	modERN_TF	X	4775582	5197704	15
ztf-18	WBGene00020763	modERN_TF	III	814746	909711	2
ztf-26	WBGene00010137	modERN_TF	I	8811036	9228601	25.5
ztf-4	WBGene00020399	modERN_TF	I	6507970	7051060	23.5
ztf-7	WBGene00009772	modERN_TF	V	9094972	10255272	22.5
znf-207	WBGene00007105	modERN_TF	IV	10911053	11712976	32.5
B0261.1	WBGene00015091	modERN_TF	I	5173247	5571467	22
C04F5.9	WBGene00015451	modERN_TF	V	5098472	5419461	18
C16A3.4	WBGene00015809	modERN_TF	III	5366576	6408957	26
C34F6.9	WBGene00007943	modERN_TF	X	10759592	11330242	24
bcl-11	WBGene00017430	modERN_TF	V	5981256	6507941	20
F22D6.2	WBGene00009050	modERN_TF	I	7051061	7586332	24
F23B12.7	WBGene00009084	modERN_TF	V	14010984	14523638	26.5
row-1	WBGene00009508	modERN_TF	I	10153895	10794373	27
oef-1	WBGene00018636	modERN_TF	IV	6786916	8377629	31
F52B5.7	WBGene00009923	modERN_TF	I	8216308	8811035	25
F57C9.4	WBGene00019011	modERN_TF	I	4723439	5173246	21.5
snai-1	WBGene00019299	modERN_TF	IV	263277	385372	1
M03D4.4	WBGene00019751	modERN_TF	IV	5939952	6786915	30.5
R02D3.7	WBGene00019824	modERN_TF	IV	642	263276	0.5
T07F8.4	WBGene00020320	modERN_TF	II	7070119	9016620	19
T26A5.8	WBGene00020823	modERN_TF	III	6408958	7108712	26.5
Y22D7AL.16	WBGene00021254	modERN_TF	III	1621762	1664256	7.5
ZK546.5	WBGene00022762	modERN_TF	II	4820666	5080932	15.5
nhr-67	WBGene00003657	modERN_TF	IV	10911053	11712976	32.5
lin-39	WBGene00003024	modERN_TF	III	7108713	8357686	27
mab-5	WBGene00003102	modERN_TF	III	7108713	8357686	27
hpl-2	WBGene00001996	modERN_TF	III	10750246	10948611	33
ama-1	WBGene00000123	modERN_TF	IV	4177990	4423514	27.5
tbp-1	WBGene00006542	modERN_TF	III	7108713	8357686	27
mep-1	WBGene00003218	modERN_TF	IV	10911053	11712976	32.5
ceh-39	WBGene00000460	modERN_TF	X	1800881	2143990	4
egl-27	WBGene00001194	modERN_TF	II	6705812	7070118	18.5
sea-2	WBGene00004751	modERN_TF	II	3884441	4126056	12.5
mml-1	WBGene00003378	modERN_TF	III	7108713	8357686	27
ceh-38	WBGene00000459	modERN_TF	II	6705812	7070118	18.5
nhr-28	WBGene00003624	modERN_TF	X	16014900	16436431	45
tlp-1	WBGene00006580	modERN_TF	IV	13612419	13764075	38
nhr-129	WBGene00003719	modERN_TF	V	13129832	13543652	25.5
nhr-77	WBGene00003667	modERN_TF	I	12382024	12595308	35.5
sax-3	WBGene00004729	modERN_TF	X	3302267	3573299	11
zip-2	WBGene00019327	modERN_TF	III	814746	909711	2
lin-13	WBGene00003002	modERN_TF	III	7108713	8357686	27
lin-11	WBGene00003000	modERN_TF	I	10153895	10794373	27
zag-1	WBGene00006970	modERN_TF	IV	3784732	3918339	25.5
pes-1	WBGene00003976	modERN_TF	IV	4792961	5489572	29
nhr-6	WBGene00003605	modERN_TF	III	3549097	3601181	22
nhr-2	WBGene00003601	modERN_TF	I	5571468	6024096	22.5
hda-1	WBGene00001834	modERN_TF	V	14523639	14829137	27
F16B12.6	WBGene00008882	modERN_TF	X	14002216	14109612	37.5
lin-15B	WBGene00023497	modERN_TF	X	15356700	15916313	44
W03F9.2	WBGene00021000	modERN_TF	V	6585	1363075	0.5
gmeb-1	WBGene00015285	modERN_TF	II	6658	68731	1.5
aptf-4	WBGene00009202	modERN_TF	II	7070119	9016620	19
aptf-3	WBGene00009203	modERN_TF	II	7070119	9016620	19
aptf-2	WBGene00013383	modERN_TF	IV	13371198	13425136	36.5
cfi-1	WBGene00000476	modERN_TF	I	9228602	9997141	26
B0019.2	WBGene00007094	modERN_TF	I	12595309	12881469	36
rad-26	WBGene00007761	modERN_TF	IV	8377630	9402396	31.5
nurf-1	WBGene00009180	modERN_TF	II	14160234	14416675	41
athp-2	WBGene00019217	modERN_TF	II	4253502	4428623	13.5
T10D4.6	WBGene00020408	modERN_TF	II	3109912	3183372	10
saeg-2	WBGene00011964	modERN_TF	III	9148571	9600782	28
snpc-1.2	WBGene00012715	modERN_TF	III	12992406	13300538	48.5
set-9	WBGene00017482	modERN_TF	IV	4177990	4423514	27.5
pqn-75	WBGene00004157	modERN_TF	IV	3966596	4085443	26.5
hmg-12	WBGene00001977	modERN_TF	II	11693260	11968435	23
spe-44	WBGene00007732	modERN_TF	IV	12137033	12752138	33.5
gmeb-3	WBGene00008092	modERN_TF	III	3737095	4109980	23.5
cky-1	WBGene00000521	modERN_TF	V	12515290	13129831	25
hlh-14	WBGene00001958	modERN_TF	II	5622872	6089371	17.5
hlh-16	WBGene00001960	modERN_TF	I	8216308	8811035	25
mxl-2	WBGene00003510	modERN_TF	III	1220	517859	0.5
hlh-19	WBGene00001962	modERN_TF	X	377266	640149	1.5
hlh-34	WBGene00011327	modERN_TF	V	13543653	14010983	26
hlh-32	WBGene00013665	modERN_TF	IV	15609935	16259239	42
hlh-33	WBGene00021446	modERN_TF	III	1793159	1920440	11.5
lin-22	WBGene00003008	modERN_TF	IV	2661381	3047818	21
ngn-1	WBGene00003595	modERN_TF	IV	2518172	2661380	20.5
hlh-10	WBGene00001954	modERN_TF	V	9094972	10255272	22.5
hlh-26	WBGene00001965	modERN_TF	II	5444710	5622871	17
hlh-28	WBGene00001967	modERN_TF	X	16436432	17718942	45.5
hlh-29	WBGene00001968	modERN_TF	X	16436432	17718942	45.5
ref-1	WBGene00004334	modERN_TF	II	10142527	10367138	20.5
atf-8	WBGene00017535	modERN_TF	V	5981256	6507941	20
mgl-2	WBGene00003233	modERN_TF	I	10153895	10794373	27
atf-4	WBGene00000221	modERN_TF	X	14739457	14868383	42.5
zip-3	WBGene00012330	modERN_TF	II	13951163	14000322	40
zip-11	WBGene00021082	modERN_TF	IV	3310148	3437162	23
crh-1	WBGene00000793	modERN_TF	III	11657531	11760259	39.5
zip-7	WBGene00013100	modERN_TF	IV	16259240	16673041	42.5
zip-12	WBGene00013560	modERN_TF	III	12246803	12348699	44
zip-1	WBGene00006986	modERN_TF	III	12246803	12348699	44
ces-2	WBGene00000469	modERN_TF	I	14958359	15003631	51
atf-2	WBGene00000220	modERN_TF	II	7070119	9016620	19
nfyc-1	WBGene00017742	modERN_TF	II	6658	68731	1.5
dro-1	WBGene00001092	modERN_TF	III	13300539	13783801	49
nfyb-1	WBGene00021132	modERN_TF	II	127661	1301107	2.5
pole-4	WBGene00013150	modERN_TF	II	14793117	15079683	42
nfya-2	WBGene00043056	modERN_TF	I	11198741	11429441	30
cey-4	WBGene00000475	modERN_TF	III	10750246	10948611	33
grh-1	WBGene00001707	modERN_TF	I	1258045	1282140	6.5
ceh-87	WBGene00018022	modERN_TF	II	2540418	2698445	6
ceh-86	WBGene00018355	modERN_TF	II	2012730	2452893	4.5
ceh-91	WBGene00013425	modERN_TF	III	11618161	11657530	39
ceh-49	WBGene00017538	modERN_TF	V	5981256	6507941	20
ceh-41	WBGene00000462	modERN_TF	X	1800881	2143990	4
ceh-44	WBGene00000464	modERN_TF	III	2528077	2560499	15
ceh-58	WBGene00007417	modERN_TF	II	10367139	10508274	21
ceh-12	WBGene00000436	modERN_TF	I	5571468	6024096	22.5
vab-7	WBGene00006873	modERN_TF	III	10750246	10948611	33
ceh-13	WBGene00000437	modERN_TF	III	7108713	8357686	27
php-3	WBGene00004024	modERN_TF	III	12076124	12148164	42.5
nob-1	WBGene00003779	modERN_TF	III	12076124	12148164	42.5
ceh-51	WBGene00013583	modERN_TF	V	18860146	19067290	39
lim-7	WBGene00002989	modERN_TF	I	5571468	6024096	22.5
ceh-5	WBGene00000430	modERN_TF	I	9228602	9997141	26
ceh-75	WBGene00008242	modERN_TF	V	9094972	10255272	22.5
tab-1	WBGene00006380	modERN_TF	II	6705812	7070118	18.5
ceh-23	WBGene00000446	modERN_TF	III	7108713	8357686	27
ceh-100	WBGene00012584	modERN_TF	II	12458345	12613453	28.5
ceh-37	WBGene00000458	modERN_TF	X	14109613	14584352	38
ceh-17	WBGene00000440	modERN_TF	I	4384984	4723438	21
unc-4	WBGene00006744	modERN_TF	II	9517707	10142526	20
ceh-10	WBGene00000435	modERN_TF	III	5366576	6408957	26
ttx-1	WBGene00006652	modERN_TF	V	20015607	20201454	45
ceh-8	WBGene00000433	modERN_TF	I	8216308	8811035	25
vab-3	WBGene00006870	modERN_TF	X	10340622	10759591	23.5
ceh-20	WBGene00000443	modERN_TF	III	6408958	7108712	26.5
ceh-60	WBGene00017690	modERN_TF	X	6345571	6722000	18.5
sox-3	WBGene00004950	modERN_TF	X	14639838	14693439	41
hmg-6	WBGene00009827	modERN_TF	I	14025640	14107819	45
sox-2	WBGene00004949	modERN_TF	X	6915607	7568436	19.5
hmg-20	WBGene00012209	modERN_TF	I	12382024	12595308	35.5
hmg-1.1	WBGene00001971	modERN_TF	II	14160234	14416675	41
hmg-5	WBGene00001975	modERN_TF	IV	6786916	8377629	31
lag-1	WBGene00002245	modERN_TF	IV	5939952	6786915	30.5
madf-8	WBGene00008118	modERN_TF	III	3601182	3680658	22.5
madf-4	WBGene00011575	modERN_TF	V	9094972	10255272	22.5
madf-9	WBGene00022608	modERN_TF	IV	3540581	3670169	24.5
madf-3	WBGene00019218	modERN_TF	II	4253502	4428623	13.5
daf-3	WBGene00000899	modERN_TF	X	640150	911101	2
daf-8	WBGene00000904	modERN_TF	I	8216308	8811035	25
sma-4	WBGene00004858	modERN_TF	III	5366576	6408957	26
nfi-1	WBGene00003592	modERN_TF	II	7070119	9016620	19
swsn-1	WBGene00004203	modERN_TF	V	20201455	20924180	45.5
cep-1	WBGene00000467	modERN_TF	I	8216308	8811035	25
myrf-1	WBGene00004134	modERN_TF	II	10367139	10508274	21
pax-2	WBGene00003938	modERN_TF	IV	4177990	4423514	27.5
npax-2	WBGene00018591	modERN_TF	X	2143991	2218703	4.5
sta-1	WBGene00013111	modERN_TF	IV	16259240	16673041	42.5
tbx-38	WBGene00006557	modERN_TF	III	11780256	11790801	40.5
mab-9	WBGene00003106	modERN_TF	II	127661	1301107	2.5
tbx-34	WBGene00006553	modERN_TF	III	11166229	11218764	34.5
tbx-37	WBGene00006556	modERN_TF	III	11218765	11233190	35
tbx-30	WBGene00006549	modERN_TF	IV	4792961	5489572	29
tbx-42	WBGene00022000	modERN_TF	IV	4792961	5489572	29
tbx-33	WBGene00006552	modERN_TF	III	11618161	11657530	39
tbx-39	WBGene00006558	modERN_TF	IV	15258876	15347981	41
tbx-40	WBGene00006559	modERN_TF	IV	15258876	15347981	41
tbx-35	WBGene00006554	modERN_TF	II	5444710	5622871	17
egl-44	WBGene00001208	modERN_TF	II	5622872	6089371	17.5
Y48C3A.12	WBGene00012994	modERN_TF	II	13318541	13431063	35
wrm-1	WBGene00006943	modERN_TF	III	5366576	6408957	26
F57A8.1	WBGene00010177	modERN_TF	V	9094972	10255272	22.5
elk-2	WBGene00022207	modERN_TF	X	106972	191526	0.5
dac-1	WBGene00000895	modERN_TF	III	814746	909711	2
elf-1	WBGene00016029	modERN_TF	III	681695	814745	1.5
lin-1	WBGene00002990	modERN_TF	IV	2245770	2306768	19
ets-5	WBGene00016600	modERN_TF	X	4775582	5197704	15
ets-8	WBGene00016798	modERN_TF	IV	1122025	1200452	6
F19F10.1	WBGene00017598	modERN_TF	V	6895894	7914906	21
ast-1	WBGene00020368	modERN_TF	II	4126057	4253501	13
fkh-5	WBGene00001437	modERN_TF	III	4713005	4971222	25
fkh-9	WBGene00001441	modERN_TF	X	3742394	3933814	12
lin-31	WBGene00003017	modERN_TF	II	3884441	4126056	12.5
T27A8.2	WBGene00012074	modERN_TF	X	16014900	16436431	45
hsf-1	WBGene00002004	modERN_TF	I	11850586	12382023	35
hsf-2	WBGene00013134	modERN_TF	I	11850586	12382023	35
daf-19	WBGene00000914	modERN_TF	II	10142527	10367138	20.5
efl-2	WBGene00001162	modERN_TF	II	13318541	13431063	35
C17E4.6	WBGene00007645	modERN_TF	I	9228602	9997141	26
rabx-5	WBGene00012644	modERN_TF	III	10579719	10643815	31.5
Y105C5A.15	WBGene00013639	modERN_TF	IV	15609935	16259239	42
bed-1	WBGene00012674	modERN_TF	V	19097368	19228806	40.5
bed-2	WBGene00012943	modERN_TF	III	11457026	11496967	37.5
ZK673.4	WBGene00014060	modERN_TF	II	10367139	10508274	21
2L52.1	WBGene00007063	modERN_TF	II	0	6657	0
C06E2.1	WBGene00015527	modERN_TF	X	8435529	8964633	21.5
pqn-21	WBGene00004111	modERN_TF	I	6507970	7051060	23.5
D2030.7	WBGene00008417	modERN_TF	I	7586333	8216307	24.5
lin-26	WBGene00003012	modERN_TF	II	7070119	9016620	19
lir-1	WBGene00003044	modERN_TF	II	7070119	9016620	19
F27D4.6	WBGene00009190	modERN_TF	I	7586333	8216307	24.5
irld-33	WBGene00018432	modERN_TF	II	1739450	2012729	4
K11D12.12	WBGene00019651	modERN_TF	V	5049653	5072618	17
egl-46	WBGene00001210	modERN_TF	V	6507942	6895893	20.5
K11H3.4	WBGene00010781	modERN_TF	III	9600783	9925044	28.5
ztf-14	WBGene00010936	modERN_TF	X	14109613	14584352	38
R05D3.3	WBGene00019878	modERN_TF	III	8357687	9148570	27.5
R07E5.5	WBGene00011113	modERN_TF	III	4274158	4713004	24.5
zim-2	WBGene00011600	modERN_TF	IV	9402397	10911052	32
zim-1	WBGene00011597	modERN_TF	IV	9402397	10911052	32
eea-1	WBGene00011696	modERN_TF	V	13129832	13543652	25.5
T22C8.4	WBGene00011925	modERN_TF	II	7070119	9016620	19
W04B5.2	WBGene00021019	modERN_TF	III	2308456	2472947	14
W04D2.4	WBGene00012243	modERN_TF	V	12255149	12515289	24.5
Y47G6A.7	WBGene00021637	modERN_TF	I	3461425	3718681	19
sup-35	WBGene00012976	modERN_TF	III	10948612	11132985	33.5
lin-38	WBGene00013006	modERN_TF	II	13541386	13599392	36.5
mcd-1	WBGene00013096	modERN_TF	II	13893227	13951162	39.5
Y53F4B.5	WBGene00013152	modERN_TF	II	14793117	15079683	42
Y53H1A.2	WBGene00013178	modERN_TF	I	11198741	11429441	30
Y57A10A.31	WBGene00013270	modERN_TF	II	12269462	12325519	26
Y82E9BR.17	WBGene00022349	modERN_TF	III	1316655	1502516	5.5
atg-4.1	WBGene00013595	modERN_TF	I	13537182	13783574	43.5
ZK652.6	WBGene00022785	modERN_TF	III	7108713	8357686	27
F33H1.4	WBGene00009365	modERN_TF	II	10142527	10367138	20.5
pbrm-1	WBGene00007042	modERN_TF	I	7051061	7586332	24
lin-36	WBGene00003021	modERN_TF	III	7108713	8357686	27
scrt-1	WBGene00016948	modERN_TF	I	2381874	2580487	13.5
ztf-28	WBGene00018099	modERN_TF	V	2063076	2189283	4.5
sdc-1	WBGene00004745	modERN_TF	X	16014900	16436431	45
ztf-13	WBGene00018704	modERN_TF	X	3058542	3138159	9
K09H9.7	WBGene00019598	modERN_TF	I	3026806	3254896	17.5
R10E4.11	WBGene00011206	modERN_TF	III	4274158	4713004	24.5
R144.3	WBGene00020093	modERN_TF	III	4971223	5366575	25.5
ztf-17	WBGene00011639	modERN_TF	II	7070119	9016620	19
T20F7.1	WBGene00020630	modERN_TF	X	16436432	17718942	45.5
ztf-6	WBGene00012317	modERN_TF	I	11198741	11429441	30
Y17G7B.22	WBGene00012473	modERN_TF	II	12041168	12096747	24.5
Y48G9A.11	WBGene00021704	modERN_TF	III	2106411	2308455	12.5
Y56A3A.28	WBGene00013240	modERN_TF	III	11790802	11985342	41
ztf-29	WBGene00013438	modERN_TF	III	11519207	11618160	38.5
ztf-25	WBGene00012405	modERN_TF	V	17060848	17625253	33
Y71A12B.8	WBGene00013505	modERN_TF	I	13888365	14025639	44.5
Y82E9BR.1	WBGene00022334	modERN_TF	III	1316655	1502516	5.5
Y95B8A.8	WBGene00022388	modERN_TF	I	761698	899877	4
odd-1	WBGene00003845	modERN_TF	III	7108713	8357686	27
mnm-2	WBGene00003380	modERN_TF	X	6915607	7568436	19.5
F26A10.2	WBGene00017814	modERN_TF	X	7568437	7882726	20
klf-2	WBGene00009998	modERN_TF	V	20201455	20924180	45.5
klf-3	WBGene00003480	modERN_TF	II	6089372	6705811	18
klf-1	WBGene00018990	modERN_TF	III	2875345	2911377	18.5
K11D2.4	WBGene00010770	modERN_TF	I	12382024	12595308	35.5
sptf-2	WBGene00011926	modERN_TF	II	7070119	9016620	19
W02D7.6	WBGene00020942	modERN_TF	V	7914907	8518051	21.5
Y37E11B.1	WBGene00021374	modERN_TF	IV	3540581	3670169	24.5
ztf-20	WBGene00012702	modERN_TF	V	18860146	19067290	39
sptf-3	WBGene00012735	modERN_TF	I	13356617	13413324	41.5
slr-2	WBGene00013350	modERN_TF	V	18083088	18163087	34.5
Y67H2A.10	WBGene00013465	modERN_TF	IV	13153200	13371197	36
Y79H2A.3	WBGene00013580	modERN_TF	III	11985343	12053589	41.5
ztf-8	WBGene00022598	modERN_TF	III	4971223	5366575	25.5
ZK686.5	WBGene00022795	modERN_TF	III	7108713	8357686	27
C46E10.9	WBGene00016713	modERN_TF	II	3355437	3884440	12
lin-48	WBGene00003033	modERN_TF	III	3737095	4109980	23.5
F56D1.1	WBGene00018959	modERN_TF	II	5444710	5622871	17
egl-43	WBGene00001207	modERN_TF	II	9517707	10142526	20
T07D10.3	WBGene00011583	modERN_TF	I	12595309	12881469	36
klu-1	WBGene00013970	modERN_TF	I	14958359	15003631	51
lin-29	WBGene00003015	modERN_TF	II	11693260	11968435	23
fezf-1	WBGene00012639	modERN_TF	IV	13425137	13559502	37
tra-1	WBGene00006604	modERN_TF	III	11166229	11218764	34.5
C09F5.3	WBGene00015649	modERN_TF	III	517860	681694	1
szy-5	WBGene00016154	modERN_TF	I	6024097	6507969	23
let-391	WBGene00006492	modERN_TF	I	6024097	6507969	23
F58G1.2	WBGene00010264	modERN_TF	II	12864171	12923735	30.5
pzf-1	WBGene00011505	modERN_TF	V	15798789	16062762	29.5
Y111B2A.10	WBGene00013734	modERN_TF	III	12427264	12706297	45.5
ztf-23	WBGene00021846	modERN_TF	I	3026806	3254896	17.5
ehn-3	WBGene00001223	modERN_TF	IV	4792961	5489572	29
hinf-1	WBGene00009553	modERN_TF	I	14756859	14817571	49.5
zfh-2	WBGene00022518	modERN_TF	I	761698	899877	4
egrh-2	WBGene00043705	modERN_TF	IV	846528	1006045	4.5
Y48G8AL.10	WBGene00021689	modERN_TF	I	1045684	1173355	5
spr-4	WBGene00005009	modERN_TF	I	7586333	8216307	24.5
dmd-6	WBGene00007058	modERN_TF	IV	14557187	14970641	40
dmd-3	WBGene00012832	modERN_TF	V	19607052	19715841	43
dmd-9	WBGene00022060	modERN_TF	IV	3148670	3255769	22
dmd-8	WBGene00020708	modERN_TF	V	6585	1363075	0.5
mab-3	WBGene00003100	modERN_TF	II	9517707	10142526	20
flh-3	WBGene00012436	modERN_TF	IV	8377630	9402396	31.5
elt-6	WBGene00001253	modERN_TF	IV	1915003	1966024	14.5
egl-18	WBGene00001186	modERN_TF	IV	1902064	1915002	14
end-1	WBGene00001310	modERN_TF	V	13543653	14010983	26
end-3	WBGene00001311	modERN_TF	V	14010984	14523638	26.5
rcor-1	WBGene00022278	modERN_TF	I	4119	30047	0.5
znfx-1	WBGene00014208	modERN_TF	II	9016621	9517706	19.5
nhr-137	WBGene00003727	modERN_TF	X	6345571	6722000	18.5
nhr-19	WBGene00003618	modERN_TF	II	9517707	10142526	20
nhr-8	WBGene00003607	modERN_TF	IV	6786916	8377629	31
nhr-40	WBGene00003630	modERN_TF	X	2534690	2679263	7
odr-7	WBGene00003854	modERN_TF	X	11996653	12646590	28.5
nhr-41	WBGene00022423	modERN_TF	IV	1349817	1397381	7.5
nhr-91	WBGene00003681	modERN_TF	X	15114743	15356699	43.5
Y41D4B.26	WBGene00021525	modERN_TF	IV	1596172	1655752	11
nhr-239	WBGene00021848	modERN_TF	III	2560500	2582253	15.5
ctbp-1	WBGene00006424	modERN_TF	X	5593246	5937928	17
ceh-45	WBGene00022837	modERN_TF	I	1045684	1173355	5
C02F5.12	WBGene00015352	modERN_TF	III	7108713	8357686	27
Y56A3A.18	WBGene00013236	modERN_TF	III	11790802	11985342	41
attf-3	WBGene00018794	modERN_TF	III	1220	517859	0.5
ekl-4	WBGene00013676	modERN_TF	I	14417215	14690948	48
hmg-1.2	WBGene00001972	modERN_TF	III	5366576	6408957	26
hmg-3	WBGene00001973	modERN_TF	I	5571468	6024096	22.5
set-16	WBGene00011729	modERN_TF	III	13300539	13783801	49
let-526	WBGene00002717	modERN_TF	I	5173247	5571467	22
swsn-3	WBGene00022182	modERN_TF	III	2707990	2768199	17
dxbp-1	WBGene00013128	modERN_TF	I	10958680	11142865	28.5
attf-6	WBGene00012474	modERN_TF	I	12595309	12881469	36
icd-2	WBGene00022042	modERN_TF	I	119425	597685	3
dnj-11	WBGene00001029	modERN_TF	IV	5939952	6786915	30.5
mex-1	WBGene00003228	modERN_TF	II	11968436	11982437	23.5
mex-6	WBGene00003231	modERN_TF	II	9517707	10142526	20
moe-3	WBGene00003388	modERN_TF	II	13129416	13172963	33
pie-1	WBGene00004027	modERN_TF	III	12427264	12706297	45.5
uaf-2	WBGene00006698	modERN_TF	IV	16914573	17164613	43.5
rbm-26	WBGene00015143	modERN_TF	III	5366576	6408957	26
zfp-3	WBGene00021047	modERN_TF	X	1121937	1506601	3
unk-1	WBGene00016407	modERN_TF	X	7882727	8121022	20.5
C35D6.4	WBGene00007961	modERN_TF	IV	16259240	16673041	42.5
F38C2.7	WBGene00009539	modERN_TF	IV	16259240	16673041	42.5
dct-13	WBGene00013794	modERN_TF	IV	16914573	17164613	43.5
Y53G8AR.9	WBGene00021816	modERN_TF	III	3317009	3465007	20.5
ccch-5	WBGene00013319	modERN_TF	IV	14557187	14970641	40
Y60A9.3	WBGene00013370	modERN_TF	X	14109613	14584352	38
C27A2.7	WBGene00044386	modERN_TF	II	4820666	5080932	15.5
madf-6	WBGene00016930	modERN_TF	I	899878	1045683	4.5
zip-9	WBGene00077761	modERN_TF	V	10255273	11073883	23
maf-1	WBGene00077521	modERN_TF	I	10153895	10794373	27
madf-1	WBGene00021942	modERN_TF	IV	635945	846527	4
nsy-7	WBGene00044508	modERN_TF	IV	6786916	8377629	31
ceh-99	WBGene00044032	modERN_TF	II	12458345	12613453	28.5
tbx-43	WBGene00044798	modERN_TF	III	1764876	1779884	10.5
nhr-291	WBGene00045515	modERN_TF	V	15129023	15376645	28
ztf-9	WBGene00013966	modERN_TF	V	9094972	10255272	22.5
baz-2	WBGene00001470	modERN_TF	III	7108713	8357686	27
him-17	WBGene00001874	modERN_TF	V	13129832	13543652	25.5
ZC247.1	WBGene00013859	modERN_TF	I	10153895	10794373	27
ZK177.11	WBGene00044390	modERN_TF	II	5444710	5622871	17
D2092.10	WBGene00044610	modERN_TF	I	6507970	7051060	23.5
madf-11	WBGene00015468	modERN_TF	III	5366576	6408957	26
C06A6.2	WBGene00015507	modERN_TF	IV	6786916	8377629	31
egrh-3	WBGene00044651	modERN_TF	IV	2661381	3047818	21
F21D5.4	WBGene00009009	modERN_TF	IV	8377630	9402396	31.5
lin-14	WBGene00003003	modERN_TF	X	11384075	11492947	25
met-2	WBGene00019883	modERN_TF	III	8357687	9148570	27.5
arid-1	WBGene00044689	modERN_TF	V	6585	1363075	0.5
Y44A6D.3	WBGene00012854	modERN_TF	V	20201455	20924180	45.5
Y48G1C.6	WBGene00021679	modERN_TF	I	65058	86087	1.5
Y50E8A.12	WBGene00013055	modERN_TF	V	14523639	14829137	27
Y73E7A.1	WBGene00022268	modERN_TF	I	1616347	1701815	8.5
Y75B8A.6	WBGene00013543	modERN_TF	III	12076124	12148164	42.5
hlh-25	WBGene00001964	modERN_TF	II	5444710	5622871	17
attf-5	WBGene00020214	modERN_TF	X	640150	911101	2
attf-2	WBGene00017317	modERN_TF	V	6895894	7914906	21
F13C5.2	WBGene00017423	modERN_TF	X	377266	640149	1.5
hlh-12	WBGene00001956	modERN_TF	IV	8377630	9402396	31.5
cnd-1	WBGene00000561	modERN_TF	III	4971223	5366575	25.5
hlh-17	WBGene00001961	modERN_TF	IV	15609935	16259239	42
mxl-3	WBGene00003511	modERN_TF	X	13335457	13417131	33
hlh-13	WBGene00001957	modERN_TF	X	4201912	4470675	13.5
hlh-11	WBGene00001955	modERN_TF	III	9600783	9925044	28.5
lin-32	WBGene00003018	modERN_TF	X	2218704	2235357	5
sbp-1	WBGene00004735	modERN_TF	III	11410547	11457025	37
cebp-2	WBGene00016754	modERN_TF	I	6024097	6507969	23
lpd-2	WBGene00003059	modERN_TF	I	6024097	6507969	23
sknr-1	WBGene00020961	modERN_TF	V	2619688	2798698	7
zip-4	WBGene00021552	modERN_TF	I	3254897	3318445	18
drap-1	WBGene00009584	modERN_TF	V	9094972	10255272	22.5
cey-2	WBGene00000473	modERN_TF	I	5571468	6024096	22.5
C02F12.5	WBGene00015355	modERN_TF	X	3573300	3742393	11.5
ceh-57	WBGene00007416	modERN_TF	II	10142527	10367138	20.5
ceh-74	WBGene00013876	modERN_TF	V	14010984	14523638	26.5
ceh-93	WBGene00019864	modERN_TF	X	377266	640149	1.5
ceh-21	WBGene00000444	modERN_TF	X	1800881	2143990	4
pal-1	WBGene00003912	modERN_TF	III	4713005	4971222	25
ceh-19	WBGene00000442	modERN_TF	IV	6786916	8377629	31
mec-3	WBGene00003167	modERN_TF	IV	9402397	10911052	32
ceh-43	WBGene00000463	modERN_TF	III	4274158	4713004	24.5
ceh-1	WBGene00000428	modERN_TF	X	4650551	4775581	14.5
ceh-27	WBGene00000449	modERN_TF	V	11073884	11839307	23.5
ceh-89	WBGene00009231	modERN_TF	X	14109613	14584352	38
ceh-6	WBGene00000431	modERN_TF	I	8216308	8811035	25
ceh-83	WBGene00018446	modERN_TF	II	1650041	1739449	3.5
pax-3	WBGene00003939	modERN_TF	II	10142527	10367138	20.5
ceh-88	WBGene00008195	modERN_TF	IV	17164614	17493829	44
ceh-40	WBGene00000461	modERN_TF	X	11996653	12646590	28.5
sox-4	WBGene00015716	modERN_TF	X	3302267	3573299	11
sem-2	WBGene00004771	modERN_TF	I	5173247	5571467	22
madf-5	WBGene00007242	modERN_TF	II	14416676	14793116	41.5
unc-120	WBGene00006844	modERN_TF	I	8216308	8811035	25
F10E7.11	WBGene00017352	modERN_TF	II	7070119	9016620	19
R151.8	WBGene00020111	modERN_TF	III	7108713	8357686	27
chd-7	WBGene00007053	modERN_TF	I	4384984	4723438	21
gei-8	WBGene00001565	modERN_TF	III	7108713	8357686	27
egl-38	WBGene00001204	modERN_TF	IV	9402397	10911052	32
sea-1	WBGene00004750	modERN_TF	II	3355437	3884440	12
tbx-11	WBGene00006547	modERN_TF	III	5366576	6408957	26
mls-1	WBGene00003376	modERN_TF	III	7108713	8357686	27
tbx-8	WBGene00006545	modERN_TF	III	10283796	10504449	30
tbx-9	WBGene00006546	modERN_TF	III	10283796	10504449	30
bar-1	WBGene00000238	modERN_TF	X	6915607	7568436	19.5
ham-1	WBGene00001820	modERN_TF	IV	12137033	12752138	33.5
svh-5	WBGene00006462	modERN_TF	X	15356700	15916313	44
fkh-6	WBGene00001438	modERN_TF	II	4253502	4428623	13.5
fkh-3	WBGene00001435	modERN_TF	X	13417132	13449259	33.5
fkh-4	WBGene00001436	modERN_TF	X	13417132	13449259	33.5
C34B4.2	WBGene00007907	modERN_TF	V	12515290	13129831	25
let-381	WBGene00002601	modERN_TF	I	6024097	6507969	23
efl-3	WBGene00009899	modERN_TF	II	7070119	9016620	19
bed-3	WBGene00009133	modERN_TF	IV	9402397	10911052	32
K09A11.1	WBGene00010704	modERN_TF	X	13246433	13263855	32
C38D4.7	WBGene00008007	modERN_TF	III	4713005	4971222	25
ztf-3	WBGene00016905	modERN_TF	I	119425	597685	3
D1046.2	WBGene00008363	modERN_TF	IV	8377630	9402396	31.5
lir-2	WBGene00003045	modERN_TF	II	7070119	9016620	19
F21D5.9	WBGene00009014	modERN_TF	IV	8377630	9402396	31.5
F37B4.10	WBGene00018140	modERN_TF	V	2798699	3213359	7.5
F55B11.4	WBGene00010086	modERN_TF	IV	14299568	14557186	39.5
K12H6.12	WBGene00019691	modERN_TF	II	2797978	2818338	7.5
somi-1	WBGene00010868	modERN_TF	V	13129832	13543652	25.5
zim-3	WBGene00011601	modERN_TF	IV	9402397	10911052	32
him-8	WBGene00001867	modERN_TF	IV	9402397	10911052	32
ztf-27	WBGene00011661	modERN_TF	II	10367139	10508274	21
T23F11.4	WBGene00011956	modERN_TF	III	4274158	4713004	24.5
ZK185.1	WBGene00022681	modERN_TF	IV	4423515	4739190	28
saeg-1	WBGene00010012	modERN_TF	V	10255273	11073883	23
B0310.2	WBGene00015138	modERN_TF	X	377266	640149	1.5
ztf-30	WBGene00015523	modERN_TF	III	8357687	9148570	27.5
ham-2	WBGene00001821	modERN_TF	X	4470676	4650550	14
C08G9.2	WBGene00015620	modERN_TF	IV	6786916	8377629	31
F44E2.7	WBGene00018420	modERN_TF	III	8357687	9148570	27.5
lsy-27	WBGene00009834	modERN_TF	V	17060848	17625253	33
odd-2	WBGene00003846	modERN_TF	X	5937929	6175713	17.5
ztf-2	WBGene00008762	modERN_TF	I	7051061	7586332	24
pat-9	WBGene00003933	modERN_TF	X	16436432	17718942	45.5
lst-5	WBGene00016890	modERN_TF	II	6705812	7070118	18.5
F10B5.3	WBGene00008640	modERN_TF	II	7070119	9016620	19
ztf-1	WBGene00018833	modERN_TF	III	8357687	9148570	27.5
sprp-4	WBGene00016189	modERN_TF	X	8435529	8964633	21.5
lsl-1	WBGene00009937	modERN_TF	I	9228602	9997141	26
ztf-15	WBGene00011066	modERN_TF	I	7051061	7586332	24
Y5F2A.4	WBGene00012385	modERN_TF	IV	10911053	11712976	32.5
sup-37	WBGene00006342	modERN_TF	V	8518052	9094971	22
F26F4.8	WBGene00005011	modERN_TF	III	4713005	4971222	25
spr-3	WBGene00005008	modERN_TF	X	4470676	4650550	14
hbl-1	WBGene00001824	modERN_TF	X	5593246	5937928	17
Y55F3AM.14	WBGene00021931	modERN_TF	IV	1006046	1074539	5
dmd-10	WBGene00007929	modERN_TF	V	13129832	13543652	25.5
dmd-5	WBGene00017326	modERN_TF	II	5622872	6089371	17.5
flh-1	WBGene00012435	modERN_TF	IV	8377630	9402396	31.5
elt-7	WBGene00015981	modERN_TF	V	4721929	4843856	16
elt-4	WBGene00001252	modERN_TF	X	10340622	10759591	23.5
med-1	WBGene00003180	modERN_TF	X	11996653	12646590	28.5
gei-17	WBGene00001574	modERN_TF	I	8811036	9228601	25.5
nhr-100	WBGene00003690	modERN_TF	IV	9402397	10911052	32
nhr-43	WBGene00003633	modERN_TF	IV	11712977	12137032	33
nhr-116	WBGene00003706	modERN_TF	V	16680840	16977531	31.5
sex-1	WBGene00004786	modERN_TF	X	9714422	10340621	23
nhr-111	WBGene00003701	modERN_TF	V	16062763	16287825	30
nhr-7	WBGene00003606	modERN_TF	IV	10911053	11712976	32.5
nhr-270	WBGene00020062	modERN_TF	V	6585	1363075	0.5
B0336.7	WBGene00015147	modERN_TF	III	5366576	6408957	26
lin-40	WBGene00003025	modERN_TF	V	3593565	3737335	12
hmg-4	WBGene00001974	modERN_TF	III	7108713	8357686	27
isw-1	WBGene00002169	modERN_TF	III	6408958	7108712	26.5
mel-28	WBGene00003210	modERN_TF	III	4713005	4971222	25
zgpa-1	WBGene00016383	modERN_TF	IV	6786916	8377629	31
rbm-22	WBGene00011722	modERN_TF	IV	9402397	10911052	32
ccch-3	WBGene00012277	modERN_TF	V	12515290	13129831	25
mbl-1	WBGene00019347	modERN_TF	X	16436432	17718942	45.5
T26A8.4	WBGene00020827	modERN_TF	IV	8377630	9402396	31.5
Y116A8C.19	WBGene00013796	modERN_TF	IV	16914573	17164613	43.5
ceh-63	WBGene00045215	modERN_TF	X	3573300	3742393	11.5
lin-54	WBGene00003037	modERN_TF	IV	13153200	13371197	36
tlf-1	WBGene00006577	modERN_TF	I	8216308	8811035	25
npax-3	WBGene00011257	modERN_TF	IV	9402397	10911052	32
grl-25	WBGene00001734	modERN_TF	III	8357687	9148570	27.5
hlh-31	WBGene00009540	modERN_TF	IV	15609935	16259239	42
zip-6	WBGene00011130	modERN_TF	IV	10911053	11712976	32.5
zip-10	WBGene00012101	modERN_TF	V	11073884	11839307	23.5
ceh-7	WBGene00000432	modERN_TF	II	7070119	9016620	19
ceh-81	WBGene00018434	modERN_TF	II	1650041	1739449	3.5
ceh-85	WBGene00019137	modERN_TF	II	1739450	2012729	4
ceh-54	WBGene00020485	modERN_TF	X	6175714	6345570	18
ceh-53	WBGene00015651	modERN_TF	IV	3486145	3540580	24
ceh-84	WBGene00016557	modERN_TF	II	1739450	2012729	4
gei-3	WBGene00001560	modERN_TF	X	12797303	12918716	30
npax-1	WBGene00017664	modERN_TF	II	7070119	9016620	19
tbx-31	WBGene00006550	modERN_TF	X	1506602	1800880	3.5
tbx-41	WBGene00006560	modERN_TF	X	1800881	2143990	4
tbx-32	WBGene00006551	modERN_TF	X	1506602	1800880	3.5
tsct-1	WBGene00011824	modERN_TF	X	11996653	12646590	28.5
lido-16	WBGene00020898	modERN_TF	II	6089372	6705811	18
ets-9	WBGene00016865	modERN_TF	X	4201912	4470675	13.5
C46E10.8	WBGene00016712	modERN_TF	II	3355437	3884440	12
F21G4.5	WBGene00009026	modERN_TF	X	9714422	10340621	23
F44D12.10	WBGene00009687	modERN_TF	IV	9402397	10911052	32
lect-2	WBGene00019407	modERN_TF	II	5622872	6089371	17.5
T06G6.5	WBGene00011547	modERN_TF	I	12595309	12881469	36
T08G5.7	WBGene00011626	modERN_TF	V	14010984	14523638	26.5
T22C8.3	WBGene00011924	modERN_TF	II	7070119	9016620	19
ztf-22	WBGene00012988	modERN_TF	II	13227457	13318540	34.5
Y54G2A.20	WBGene00021885	modERN_TF	IV	2661381	3047818	21
ZK177.3	WBGene00022671	modERN_TF	II	5444710	5622871	17
K04C1.3	WBGene00010553	modERN_TF	X	14109613	14584352	38
K10B3.5	WBGene00019611	modERN_TF	X	3058542	3138159	9
T20H4.2	WBGene00020635	modERN_TF	III	7108713	8357686	27
egrh-1	WBGene00007772	modERN_TF	X	14739457	14868383	42.5
F47E1.3	WBGene00018567	modERN_TF	X	8964634	9283337	22
Y73F8A.33	WBGene00013537	modERN_TF	IV	15347982	15609934	41.5
H16D19.3	WBGene00010401	modERN_TF	I	12595309	12881469	36
sdz-12	WBGene00017406	modERN_TF	II	3355437	3884440	12
mab-23	WBGene00003114	modERN_TF	V	10255273	11073883	23
flh-2	WBGene00016138	modERN_TF	III	4713005	4971222	25
nhr-124	WBGene00003714	modERN_TF	V	3737336	3904995	12.5
nhr-290	WBGene00016233	modERN_TF	V	2570416	2577356	6
nhr-167	WBGene00008208	modERN_TF	X	11728472	11996652	28
nhr-195	WBGene00019115	modERN_TF	V	8518052	9094971	22
dpr-1	WBGene00001062	modERN_TF	V	13543653	14010983	26
rnf-113	WBGene00010476	modERN_TF	III	10750246	10948611	33
Y116A8C.20	WBGene00013797	modERN_TF	IV	16914573	17164613	43.5
spe-10	WBGene00004964	modERN_TF	V	10255273	11073883	23
nhr-63	WBGene00003653	modERN_TF	V	15798789	16062762	29.5
nhr-136	WBGene00003726	modERN_TF	V	11839308	12255148	24
nhr-120	WBGene00003710	modERN_TF	X	6345571	6722000	18.5
nhr-30	WBGene00016091	modERN_TF	V	8518052	9094971	22
nhr-42	WBGene00003632	modERN_TF	V	6895894	7914906	21
nhr-82	WBGene00003672	modERN_TF	I	11850586	12382023	35
nhr-127	WBGene00003717	modERN_TF	V	16062763	16287825	30
nhr-62	WBGene00003652	modERN_TF	I	9228602	9997141	26
nhr-112	WBGene00003702	modERN_TF	V	16680840	16977531	31.5
hizr-1	WBGene00013976	modERN_TF	X	10759592	11330242	24
lfi-1	WBGene00022500	modERN_TF	X	4775582	5197704	15
tbx-36	WBGene00006555	modERN_TF	IV	11712977	12137032	33
frpr-9	WBGene00009965	modERN_TF	V	10255273	11073883	23
Y37F4.6	WBGene00021387	modERN_TF	I	10794374	10879627	27.5
klu-2	WBGene00022592	modERN_TF	I	6024097	6507969	23
cdc-14	WBGene00000383	modERN_TF	II	5444710	5622871	17
gla-3	WBGene00011376	modERN_TF	I	7586333	8216307	24.5
bnc-1	WBGene00044791	modERN_TF	V	12255149	12515289	24.5
aptf-1	WBGene00019424	wormcat_TF	II	6089372	6705811	18
hlh-2	WBGene00001949	wormcat_TF	I	7051061	7586332	24
hlh-27	WBGene00001966	wormcat_TF	II	5444710	5622871	17
hlh-3	WBGene00001950	wormcat_TF	II	9016621	9517706	19.5
atfs-1	WBGene00013878	wormcat_TF	V	14010984	14523638	26.5
C16A11.4	WBGene00015817	wormcat_TF	II	4126057	4253501	13
miz-1	WBGene00011259	wormcat_TF	IV	9402397	10911052	32
C01G6.5	WBGene00007227	wormcat_TF	II	9016621	9517706	19.5
fkh-7	WBGene00001439	wormcat_TF	IV	5489573	5721863	29.5
med-2	WBGene00003181	wormcat_TF	III	6408958	7108712	26.5
ceh-33	WBGene00000454	wormcat_TF	V	5098472	5419461	18
ceh-76	WBGene00022395	wormcat_TF	V	7914907	8518051	21.5
ceh-92	WBGene00013431	wormcat_TF	III	11519207	11618160	38.5
lim-4	WBGene00002987	wormcat_TF	X	3742394	3933814	12
nfx-1	WBGene00007048	wormcat_TF	III	5366576	6408957	26
nhr-1	WBGene00003600	wormcat_TF	X	16436432	17718942	45.5
nhr-101	WBGene00003691	wormcat_TF	V	11073884	11839307	23.5
nhr-103	WBGene00003693	wormcat_TF	V	2189284	2270231	5
nhr-104	WBGene00003694	wormcat_TF	IV	4739191	4792960	28.5
nhr-105	WBGene00003695	wormcat_TF	IV	6786916	8377629	31
nhr-106	WBGene00003696	wormcat_TF	V	6585	1363075	0.5
nhr-107	WBGene00003697	wormcat_TF	V	6895894	7914906	21
nhr-108	WBGene00003698	wormcat_TF	V	15798789	16062762	29.5
nhr-109	WBGene00003699	wormcat_TF	II	4428624	4539502	14
nhr-110	WBGene00003700	wormcat_TF	V	1613620	1804730	2.5
nhr-113	WBGene00003703	wormcat_TF	I	11455098	11562154	31
nhr-114	WBGene00003704	wormcat_TF	V	4089303	4282862	14
nhr-115	WBGene00003705	wormcat_TF	V	2270232	2570415	5.5
nhr-117	WBGene00003707	wormcat_TF	V	1613620	1804730	2.5
nhr-118	WBGene00003708	wormcat_TF	V	4282863	4418248	14.5
nhr-119	WBGene00003709	wormcat_TF	II	2772169	2797977	7
nhr-121	WBGene00003711	wormcat_TF	III	2308456	2472947	14
nhr-122	WBGene00003712	wormcat_TF	IV	1596172	1655752	11
nhr-123	WBGene00003713	wormcat_TF	V	6585	1363075	0.5
nhr-125	WBGene00003715	wormcat_TF	V	4282863	4418248	14.5
nhr-126	WBGene00003716	wormcat_TF	V	2189284	2270231	5
nhr-128	WBGene00003718	wormcat_TF	V	2189284	2270231	5
nhr-13	WBGene00003612	wormcat_TF	V	2189284	2270231	5
nhr-130	WBGene00003720	wormcat_TF	V	6585	1363075	0.5
nhr-131	WBGene00003721	wormcat_TF	V	6585	1363075	0.5
nhr-132	WBGene00003722	wormcat_TF	V	6585	1363075	0.5
nhr-133	WBGene00003723	wormcat_TF	V	2189284	2270231	5
nhr-134	WBGene00003724	wormcat_TF	V	2189284	2270231	5
nhr-135	WBGene00003725	wormcat_TF	V	6895894	7914906	21
nhr-138	WBGene00003728	wormcat_TF	IV	9402397	10911052	32
nhr-139	WBGene00016365	wormcat_TF	V	6895894	7914906	21
nhr-14	WBGene00003613	wormcat_TF	X	8435529	8964633	21.5
nhr-140	WBGene00016366	wormcat_TF	V	6895894	7914906	21
nhr-141	WBGene00017787	wormcat_TF	V	6895894	7914906	21
nhr-142	WBGene00018430	wormcat_TF	V	5730528	5981255	19.5
nhr-143	WBGene00019116	wormcat_TF	V	8518052	9094971	22
nhr-145	WBGene00012703	wormcat_TF	V	19083172	19097367	40
nhr-146	WBGene00045255	wormcat_TF	IV	1596172	1655752	11
nhr-147	WBGene00015395	wormcat_TF	V	6895894	7914906	21
nhr-148	WBGene00015396	wormcat_TF	V	6895894	7914906	21
nhr-149	WBGene00015397	wormcat_TF	V	6895894	7914906	21
nhr-15	WBGene00003614	wormcat_TF	V	6585	1363075	0.5
nhr-150	WBGene00007367	wormcat_TF	V	15376646	15606456	28.5
nhr-152	WBGene00015705	wormcat_TF	V	6895894	7914906	21
nhr-153	WBGene00007546	wormcat_TF	V	11839308	12255148	24
nhr-154	WBGene00007547	wormcat_TF	V	11839308	12255148	24
nhr-155	WBGene00015758	wormcat_TF	V	6585	1363075	0.5
nhr-156	WBGene00015897	wormcat_TF	V	3904996	4005093	13
nhr-157	WBGene00015900	wormcat_TF	V	3737336	3904995	12.5
nhr-158	WBGene00015901	wormcat_TF	V	3737336	3904995	12.5
nhr-159	WBGene00015902	wormcat_TF	V	3737336	3904995	12.5
nhr-16	WBGene00003615	wormcat_TF	II	4428624	4539502	14
nhr-161	WBGene00016364	wormcat_TF	V	6895894	7914906	21
nhr-162	WBGene00016367	wormcat_TF	V	6895894	7914906	21
nhr-163	WBGene00016368	wormcat_TF	V	6895894	7914906	21
nhr-164	WBGene00008056	wormcat_TF	V	15129023	15376645	28
nhr-165	WBGene00008158	wormcat_TF	I	11850586	12382023	35
nhr-166	WBGene00016772	wormcat_TF	II	3355437	3884440	12
nhr-168	WBGene00008221	wormcat_TF	V	13129832	13543652	25.5
nhr-169	WBGene00008289	wormcat_TF	I	12382024	12595308	35.5
nhr-17	WBGene00003616	wormcat_TF	X	12646591	12700175	29
nhr-170	WBGene00008309	wormcat_TF	V	18725979	18799228	38
nhr-171	WBGene00016926	wormcat_TF	V	6895894	7914906	21
nhr-172	WBGene00016927	wormcat_TF	V	6895894	7914906	21
nhr-173	WBGene00016975	wormcat_TF	X	6345571	6722000	18.5
nhr-174	WBGene00008474	wormcat_TF	I	12382024	12595308	35.5
nhr-175	WBGene00008630	wormcat_TF	V	13543653	14010983	26
nhr-176	WBGene00008830	wormcat_TF	V	16062763	16287825	30
nhr-177	WBGene00017503	wormcat_TF	V	1550189	1613619	2
nhr-178	WBGene00017510	wormcat_TF	V	1550189	1613619	2
nhr-18	WBGene00003617	wormcat_TF	V	2189284	2270231	5
nhr-180	WBGene00017961	wormcat_TF	V	6585	1363075	0.5
nhr-181	WBGene00018189	wormcat_TF	V	4089303	4282862	14
nhr-182	WBGene00018265	wormcat_TF	V	2189284	2270231	5
nhr-183	WBGene00018266	wormcat_TF	V	2189284	2270231	5
nhr-184	WBGene00018415	wormcat_TF	V	2189284	2270231	5
nhr-185	WBGene00018539	wormcat_TF	V	3737336	3904995	12.5
nhr-186	WBGene00018541	wormcat_TF	V	3737336	3904995	12.5
nhr-187	WBGene00018542	wormcat_TF	V	3737336	3904995	12.5
nhr-188	WBGene00018544	wormcat_TF	V	3737336	3904995	12.5
nhr-189	WBGene00018545	wormcat_TF	V	3737336	3904995	12.5
nhr-190	WBGene00018622	wormcat_TF	V	6585	1363075	0.5
nhr-192	WBGene00010180	wormcat_TF	V	9094972	10255272	22.5
nhr-193	WBGene00010215	wormcat_TF	V	16287826	16574392	30.5
nhr-196	WBGene00010600	wormcat_TF	V	15606457	15798788	29
nhr-197	WBGene00010602	wormcat_TF	V	15606457	15798788	29
nhr-198	WBGene00010603	wormcat_TF	V	15606457	15798788	29
nhr-199	WBGene00010604	wormcat_TF	V	15606457	15798788	29
nhr-201	WBGene00019741	wormcat_TF	V	6585	1363075	0.5
nhr-202	WBGene00019742	wormcat_TF	V	6585	1363075	0.5
nhr-203	WBGene00019743	wormcat_TF	V	6585	1363075	0.5
nhr-204	WBGene00019816	wormcat_TF	V	6585	1363075	0.5
nhr-205	WBGene00011002	wormcat_TF	V	9094972	10255272	22.5
nhr-206	WBGene00011097	wormcat_TF	V	11839308	12255148	24
nhr-207	WBGene00011098	wormcat_TF	V	11839308	12255148	24
nhr-208	WBGene00011099	wormcat_TF	V	11839308	12255148	24
nhr-209	WBGene00011100	wormcat_TF	V	11839308	12255148	24
nhr-210	WBGene00020015	wormcat_TF	V	6585	1363075	0.5
nhr-211	WBGene00020152	wormcat_TF	V	6585	1363075	0.5
nhr-212	WBGene00020153	wormcat_TF	V	6585	1363075	0.5
nhr-213	WBGene00011520	wormcat_TF	V	15798789	16062762	29.5
nhr-214	WBGene00011566	wormcat_TF	X	12700176	12797302	29.5
nhr-216	WBGene00020385	wormcat_TF	V	5098472	5419461	18
nhr-217	WBGene00011651	wormcat_TF	I	11850586	12382023	35
nhr-218	WBGene00011750	wormcat_TF	V	16062763	16287825	30
nhr-219	WBGene00020555	wormcat_TF	V	8518052	9094971	22
nhr-22	WBGene00003621	wormcat_TF	II	6089372	6705811	18
nhr-221	WBGene00020748	wormcat_TF	V	3532527	3537043	10.5
nhr-222	WBGene00020750	wormcat_TF	V	3542501	3593564	11.5
nhr-223	WBGene00012050	wormcat_TF	V	15606457	15798788	29
nhr-225	WBGene00020849	wormcat_TF	V	2270232	2570415	5.5
nhr-226	WBGene00020850	wormcat_TF	V	2270232	2570415	5.5
nhr-227	WBGene00020851	wormcat_TF	V	2270232	2570415	5.5
nhr-228	WBGene00020852	wormcat_TF	V	2270232	2570415	5.5
nhr-229	WBGene00013795	wormcat_TF	IV	16914573	17164613	43.5
nhr-230	WBGene00012446	wormcat_TF	V	18799229	18860145	38.5
nhr-231	WBGene00012449	wormcat_TF	V	18725979	18799228	38
nhr-233	WBGene00006471	wormcat_TF	V	16287826	16574392	30.5
nhr-234	WBGene00012596	wormcat_TF	II	12613454	12744330	29
nhr-236	WBGene00021417	wormcat_TF	IV	2306769	2342551	19.5
nhr-238	WBGene00021611	wormcat_TF	V	1613620	1804730	2.5
nhr-241	WBGene00013483	wormcat_TF	V	18569144	18725978	37.5
nhr-242	WBGene00022097	wormcat_TF	IV	2518172	2661380	20.5
nhr-243	WBGene00013584	wormcat_TF	V	18860146	19067290	39
nhr-245	WBGene00014189	wormcat_TF	I	11455098	11562154	31
nhr-247	WBGene00014193	wormcat_TF	V	15129023	15376645	28
nhr-248	WBGene00013940	wormcat_TF	V	17060848	17625253	33
nhr-251	WBGene00022756	wormcat_TF	V	6585	1363075	0.5
nhr-252	WBGene00022637	wormcat_TF	V	6585	1363075	0.5
nhr-253	WBGene00022639	wormcat_TF	V	6585	1363075	0.5
nhr-254	WBGene00022640	wormcat_TF	V	6585	1363075	0.5
nhr-255	WBGene00014068	wormcat_TF	X	15356700	15916313	44
nhr-256	WBGene00022805	wormcat_TF	V	1613620	1804730	2.5
nhr-257	WBGene00015869	wormcat_TF	II	3355437	3884440	12
nhr-258	WBGene00016126	wormcat_TF	IV	6786916	8377629	31
nhr-26	WBGene00011568	wormcat_TF	X	12646591	12700175	29
nhr-260	WBGene00016517	wormcat_TF	V	1412257	1550188	1.5
nhr-261	WBGene00016777	wormcat_TF	II	3355437	3884440	12
nhr-262	WBGene00008619	wormcat_TF	V	16680840	16977531	31.5
nhr-264	WBGene00008778	wormcat_TF	IV	8377630	9402396	31.5
nhr-265	WBGene00009608	wormcat_TF	I	11850586	12382023	35
nhr-267	WBGene00010410	wormcat_TF	IV	8377630	9402396	31.5
nhr-268	WBGene00010601	wormcat_TF	V	15606457	15798788	29
nhr-269	WBGene00011150	wormcat_TF	V	15129023	15376645	28
nhr-27	WBGene00008901	wormcat_TF	X	12700176	12797302	29.5
nhr-271	WBGene00011396	wormcat_TF	V	16574393	16680839	31
nhr-272	WBGene00011565	wormcat_TF	X	12700176	12797302	29.5
nhr-273	WBGene00020460	wormcat_TF	II	4428624	4539502	14
nhr-274	WBGene00021522	wormcat_TF	IV	1596172	1655752	11
nhr-275	WBGene00021163	wormcat_TF	V	2189284	2270231	5
nhr-276	WBGene00013512	wormcat_TF	I	14025640	14107819	45
nhr-277	WBGene00022374	wormcat_TF	IV	2661381	3047818	21
nhr-281	WBGene00008884	wormcat_TF	X	14109613	14584352	38
nhr-283	WBGene00010186	wormcat_TF	V	15606457	15798788	29
nhr-285	WBGene00012056	wormcat_TF	V	15606457	15798788	29
nhr-286	WBGene00044699	wormcat_TF	V	6895894	7914906	21
nhr-31	WBGene00003625	wormcat_TF	IV	6786916	8377629	31
nhr-32	WBGene00003626	wormcat_TF	X	13246433	13263855	32
nhr-34	WBGene00003627	wormcat_TF	IV	9402397	10911052	32
nhr-35	WBGene00003628	wormcat_TF	X	4470676	4650550	14
nhr-36	WBGene00017198	wormcat_TF	V	9094972	10255272	22.5
nhr-37	WBGene00018412	wormcat_TF	V	6507942	6895893	20.5
nhr-38	WBGene00003629	wormcat_TF	IV	9402397	10911052	32
nhr-39	WBGene00018404	wormcat_TF	V	9094972	10255272	22.5
nhr-4	WBGene00003603	wormcat_TF	IV	9402397	10911052	32
nhr-44	WBGene00003634	wormcat_TF	V	8518052	9094971	22
nhr-45	WBGene00003635	wormcat_TF	X	4650551	4775581	14.5
nhr-46	WBGene00003636	wormcat_TF	IV	5721864	5939951	30
nhr-5	WBGene00003604	wormcat_TF	IV	15347982	15609934	41.5
nhr-50	WBGene00003640	wormcat_TF	V	15798789	16062762	29.5
nhr-51	WBGene00003641	wormcat_TF	V	15606457	15798788	29
nhr-52	WBGene00003642	wormcat_TF	V	15606457	15798788	29
nhr-53	WBGene00003643	wormcat_TF	V	15606457	15798788	29
nhr-54	WBGene00003644	wormcat_TF	V	16287826	16574392	30.5
nhr-55	WBGene00003645	wormcat_TF	V	6585	1363075	0.5
nhr-56	WBGene00003646	wormcat_TF	V	2189284	2270231	5
nhr-58	WBGene00003648	wormcat_TF	V	6585	1363075	0.5
nhr-59	WBGene00003649	wormcat_TF	V	2270232	2570415	5.5
nhr-60	WBGene00003650	wormcat_TF	V	15606457	15798788	29
nhr-61	WBGene00003651	wormcat_TF	II	14793117	15079683	42
nhr-64	WBGene00003654	wormcat_TF	I	3026806	3254896	17.5
nhr-65	WBGene00003655	wormcat_TF	V	18799229	18860145	38.5
nhr-66	WBGene00003656	wormcat_TF	IV	6786916	8377629	31
nhr-68	WBGene00003658	wormcat_TF	V	11073884	11839307	23.5
nhr-69	WBGene00003659	wormcat_TF	I	9228602	9997141	26
nhr-70	WBGene00003660	wormcat_TF	V	18569144	18725978	37.5
nhr-72	WBGene00003662	wormcat_TF	II	3355437	3884440	12
nhr-73	WBGene00003663	wormcat_TF	I	11429442	11455097	30.5
nhr-74	WBGene00003664	wormcat_TF	I	11429442	11455097	30.5
nhr-78	WBGene00003668	wormcat_TF	IV	4177990	4423514	27.5
nhr-79	WBGene00003669	wormcat_TF	V	19097368	19228806	40.5
nhr-81	WBGene00003671	wormcat_TF	I	11850586	12382023	35
nhr-86	WBGene00003676	wormcat_TF	V	2063076	2189283	4.5
nhr-87	WBGene00003677	wormcat_TF	IV	1596172	1655752	11
nhr-88	WBGene00003678	wormcat_TF	II	2890885	3018358	9
nhr-89	WBGene00003679	wormcat_TF	I	12382024	12595308	35.5
nhr-9	WBGene00003608	wormcat_TF	III	6408958	7108712	26.5
nhr-92	WBGene00003682	wormcat_TF	IV	1596172	1655752	11
nhr-94	WBGene00003684	wormcat_TF	V	6895894	7914906	21
nhr-95	WBGene00003685	wormcat_TF	V	19067291	19083171	39.5
nhr-96	WBGene00003686	wormcat_TF	V	2189284	2270231	5
nhr-97	WBGene00003687	wormcat_TF	IV	9402397	10911052	32
nhr-98	WBGene00003688	wormcat_TF	V	6585	1363075	0.5
nhr-99	WBGene00003689	wormcat_TF	V	6585	1363075	0.5
ctf-4	WBGene00008921	wormcat_TF	V	10255273	11073883	23
E01B7.2	WBGene00008442	wormcat_TF	V	17625254	18013074	33.5
E02H1.5	WBGene00008457	wormcat_TF	II	9517707	10142526	20
ets-10	WBGene00016870	wormcat_TF	X	4201912	4470675	13.5
F43G9.12	WBGene00009672	wormcat_TF	I	8216308	8811035	25
K07A12.1	WBGene00010620	wormcat_TF	I	8216308	8811035	25
M28.5	WBGene00010896	wormcat_TF	II	10508275	11464067	21.5
nhr-246	WBGene00014192	wormcat_TF	V	15129023	15376645	28
nhr-93	WBGene00003683	wormcat_TF	V	3537044	3542500	11
plp-1	WBGene00004046	wormcat_TF	IV	6786916	8377629	31
R10E11.6	WBGene00011218	wormcat_TF	III	9600783	9925044	28.5
R12B2.2	WBGene00020018	wormcat_TF	III	5366576	6408957	26
T01C3.2	WBGene00011319	wormcat_TF	V	14829138	15129022	27.5
T07D4.5	WBGene00045407	wormcat_TF	II	7070119	9016620	19
Y53C10A.15	WBGene00044805	wormcat_TF	I	11850586	12382023	35
aatf-1	WBGene00022269	wormcat_TF	I	1588910	1616346	8
dmd-11	WBGene00007930	wormcat_TF	V	13129832	13543652	25.5
dmd-7	WBGene00019521	wormcat_TF	V	5981256	6507941	20
fozi-1	WBGene00010453	wormcat_TF	III	9148571	9600782	28
sta-2	WBGene00010251	wormcat_TF	V	9094972	10255272	22.5
tag-68	WBGene00006445	wormcat_TF	I	10153895	10794373	27
ada-2	WBGene00017967	wormcat_chroma_cof	II	7070119	9016620	19
C29F9.5	WBGene00016220	wormcat_chroma_cof	III	1220	517859	0.5
C29F9.6	WBGene00016221	wormcat_chroma_cof	III	1220	517859	0.5
C49F5.5	WBGene00008209	wormcat_chroma_cof	X	11728472	11996652	28
cbp-1	WBGene00000366	wormcat_chroma_cof	III	9600783	9925044	28.5
cbp-2	WBGene00010545	wormcat_chroma_cof	III	9600783	9925044	28.5
cbp-3	WBGene00009595	wormcat_chroma_cof	III	9600783	9925044	28.5
hat-1	WBGene00044069	wormcat_chroma_cof	III	10283796	10504449	30
mys-1	WBGene00007029	wormcat_chroma_cof	V	6895894	7914906	21
mys-2	WBGene00010537	wormcat_chroma_cof	I	14107820	14183891	45.5
mys-4	WBGene00007914	wormcat_chroma_cof	I	8216308	8811035	25
pcaf-1	WBGene00021636	wormcat_chroma_cof	I	3461425	3718681	19
Y17G9B.8	WBGene00021205	wormcat_chroma_cof	IV	4739191	4792960	28.5
Y49E10.27	WBGene00013045	wormcat_chroma_cof	III	12427264	12706297	45.5
ZK1010.10	WBGene00164985	wormcat_chroma_cof	III	12992406	13300538	48.5
F43G6.17	WBGene00219378	wormcat_chroma_cof	II	11693260	11968435	23
hda-10	WBGene00001838	wormcat_chroma_cof	II	13849733	13893226	39
hda-11	WBGene00007953	wormcat_chroma_cof	V	10255273	11073883	23
hda-2	WBGene00001835	wormcat_chroma_cof	II	7070119	9016620	19
hda-3	WBGene00001836	wormcat_chroma_cof	I	11850586	12382023	35
hda-4	WBGene00001837	wormcat_chroma_cof	X	16436432	17718942	45.5
hda-5	WBGene00009663	wormcat_chroma_cof	II	11693260	11968435	23
hda-6	WBGene00018319	wormcat_chroma_cof	IV	4792961	5489572	29
sin-3	WBGene00004117	wormcat_chroma_cof	I	8216308	8811035	25
amx-1	WBGene00000137	wormcat_chroma_cof	III	3737095	4109980	23.5
jhdm-1	WBGene00020821	wormcat_chroma_cof	III	6408958	7108712	26.5
jmjc-1	WBGene00020902	wormcat_chroma_cof	I	3461425	3718681	19
jmjd-1.1	WBGene00005013	wormcat_chroma_cof	II	11693260	11968435	23
jmjd-1.2	WBGene00017920	wormcat_chroma_cof	IV	4423515	4739190	28
jmjd-2	WBGene00012982	wormcat_chroma_cof	II	14160234	14416675	41
jmjd-3.1	WBGene00017571	wormcat_chroma_cof	X	8435529	8964633	21.5
jmjd-3.2	WBGene00009089	wormcat_chroma_cof	X	14109613	14584352	38
jmjd-3.3	WBGene00007813	wormcat_chroma_cof	X	13417132	13449259	33.5
jmjd-4	WBGene00011563	wormcat_chroma_cof	III	10283796	10504449	30
jmjd-5	WBGene00007387	wormcat_chroma_cof	V	11073884	11839307	23.5
lsd-1	WBGene00011615	wormcat_chroma_cof	X	11728472	11996652	28
spr-5	WBGene00005010	wormcat_chroma_cof	I	13443410	13537181	43
ash-2	WBGene00012458	wormcat_chroma_cof	II	11982438	12041167	24
D1053.2	WBGene00008367	wormcat_chroma_cof	X	11728472	11996652	28
lin-59	WBGene00003040	wormcat_chroma_cof	I	3461425	3718681	19
lin-61	WBGene00003041	wormcat_chroma_cof	I	7051061	7586332	24
mes-2	WBGene00003220	wormcat_chroma_cof	II	14160234	14416675	41
mes-3	WBGene00003221	wormcat_chroma_cof	I	4723439	5173246	21.5
mes-4	WBGene00003222	wormcat_chroma_cof	V	13129832	13543652	25.5
mes-6	WBGene00003224	wormcat_chroma_cof	IV	8377630	9402396	31.5
met-1	WBGene00016603	wormcat_chroma_cof	I	4025198	4384983	20.5
set-10	WBGene00009370	wormcat_chroma_cof	I	15003632	15072434	51.5
set-11	WBGene00018023	wormcat_chroma_cof	II	2540418	2698445	6
set-2	WBGene00004782	wormcat_chroma_cof	III	4713005	4971222	25
set-21	WBGene00021282	wormcat_chroma_cof	IV	4177990	4423514	27.5
set-25	WBGene00012802	wormcat_chroma_cof	III	12992406	13300538	48.5
set-32	WBGene00008062	wormcat_chroma_cof	I	9228602	9997141	26
set-33	WBGene00022431	wormcat_chroma_cof	X	191527	377265	1
set-4	WBGene00016313	wormcat_chroma_cof	II	6089372	6705811	18
set-5	WBGene00008145	wormcat_chroma_cof	V	14523639	14829137	27
dcp-66	WBGene00000938	wormcat_chroma_cof	I	7051061	7586332	24
let-418	WBGene00002637	wormcat_chroma_cof	V	5730528	5981255	19.5
bet-1	WBGene00022473	wormcat_chroma_cof	I	4384984	4723438	21
bet-2	WBGene00010199	wormcat_chroma_cof	X	10340622	10759591	23.5
cec-7	WBGene00012551	wormcat_chroma_cof	III	12876238	12910334	47
chaf-1	WBGene00011532	wormcat_chroma_cof	I	8811036	9228601	25.5
chaf-2	WBGene00022141	wormcat_chroma_cof	I	1810724	2027842	9.5
chd-3	WBGene00000482	wormcat_chroma_cof	X	12797303	12918716	30
cir-1	WBGene00018892	wormcat_chroma_cof	I	5571468	6024096	22.5
epc-1	WBGene00007030	wormcat_chroma_cof	III	12427264	12706297	45.5
eya-1	WBGene00001377	wormcat_chroma_cof	I	14183892	14284122	46
lin-49	WBGene00003034	wormcat_chroma_cof	IV	8377630	9402396	31.5
lin-53	WBGene00003036	wormcat_chroma_cof	I	9228602	9997141	26
mbtr-1	WBGene00021661	wormcat_chroma_cof	I	119425	597685	3
mrg-1	WBGene00003406	wormcat_chroma_cof	III	12770408	12876237	46.5
mtq-2	WBGene00016341	wormcat_chroma_cof	II	2012730	2452893	4.5
nap-1	WBGene00017075	wormcat_chroma_cof	IV	8377630	9402396	31.5
phf-14	WBGene00013339	wormcat_chroma_cof	V	17625254	18013074	33.5
rbbp-5	WBGene00017683	wormcat_chroma_cof	II	6089372	6705811	18
rtfo-1	WBGene00009103	wormcat_chroma_cof	V	9094972	10255272	22.5
sop-2	WBGene00004945	wormcat_chroma_cof	II	12325520	12345068	27.5
spt-16	WBGene00018849	wormcat_chroma_cof	I	10153895	10794373	27
sumv-1	WBGene00016409	wormcat_chroma_cof	III	4971223	5366575	25.5
sumv-2	WBGene00018812	wormcat_chroma_cof	V	4548436	4721928	15.5
T01B7.5	WBGene00011311	wormcat_chroma_cof	II	7070119	9016620	19
T08G11.1	WBGene00011629	wormcat_chroma_cof	I	8811036	9228601	25.5
T22B7.4	WBGene00020673	wormcat_chroma_cof	X	5593246	5937928	17
trr-1	WBGene00007028	wormcat_chroma_cof	II	11464068	11693259	22
wdr-5.1	WBGene00006474	wormcat_chroma_cof	III	3680659	3737094	23
wdr-5.2	WBGene00010572	wormcat_chroma_cof	X	14109613	14584352	38
wdr-5.3	WBGene00013862	wormcat_chroma_cof	V	10255273	11073883	23
ZK973.9	WBGene00022835	wormcat_chroma_cof	I	4025198	4384983	20.5
F28F8.7	WBGene00009224	wormcat_chroma_cof	V	15376646	15606456	28.5
Y105C5A.1	WBGene00013632	wormcat_chroma_cof	IV	15347982	15609934	41.5
Y73B3A.13	WBGene00022215	wormcat_chroma_cof	X	106972	191526	0.5
C52B9.8	WBGene00016868	wormcat_chroma_cof	X	4201912	4470675	13.5
F13B12.1	WBGene00008729	wormcat_chroma_cof	IV	9402397	10911052	32
ham-3	WBGene00044072	wormcat_chroma_cof	III	10042789	10283795	29.5
M03C11.8	WBGene00010845	wormcat_chroma_cof	III	10283796	10504449	30
smrc-1	WBGene00015806	wormcat_chroma_cof	III	5366576	6408957	26
snfc-5	WBGene00011111	wormcat_chroma_cof	III	4274158	4713004	24.5
swsn-2.2	WBGene00015971	wormcat_chroma_cof	I	4025198	4384983	20.5
swsn-4	WBGene00004204	wormcat_chroma_cof	IV	10911053	11712976	32.5
swsn-9	WBGene00007256	wormcat_chroma_cof	I	7051061	7586332	24
asfl-1	WBGene00007277	wormcat_chroma_cof	I	9228602	9997141	26
F20D6.9	WBGene00017638	wormcat_chroma_cof	V	7914907	8518051	21.5
hil-1	WBGene00001852	wormcat_chroma_cof	V	14829138	15129022	27.5
hil-2	WBGene00001853	wormcat_chroma_cof	IV	5939952	6786915	30.5
hil-3	WBGene00001854	wormcat_chroma_cof	X	8121023	8435528	21
hil-4	WBGene00001855	wormcat_chroma_cof	V	4721929	4843856	16
hil-5	WBGene00001856	wormcat_chroma_cof	I	5571468	6024096	22.5
hil-6	WBGene00001857	wormcat_chroma_cof	V	1979958	2063075	4
hil-7	WBGene00001858	wormcat_chroma_cof	IV	5939952	6786915	30.5
hil-8	WBGene00001859	wormcat_chroma_cof	I	5173247	5571467	22
his-1	WBGene00001875	wormcat_chroma_cof	V	15798789	16062762	29.5
his-10	WBGene00001884	wormcat_chroma_cof	II	13729563	13849732	38.5
his-11	WBGene00001885	wormcat_chroma_cof	II	13729563	13849732	38.5
his-12	WBGene00001886	wormcat_chroma_cof	II	13729563	13849732	38.5
his-13	WBGene00001887	wormcat_chroma_cof	II	13729563	13849732	38.5
his-14	WBGene00001888	wormcat_chroma_cof	II	13729563	13849732	38.5
his-15	WBGene00001889	wormcat_chroma_cof	II	13729563	13849732	38.5
his-16	WBGene00001890	wormcat_chroma_cof	II	13729563	13849732	38.5
his-17	WBGene00001891	wormcat_chroma_cof	V	8518052	9094971	22
his-18	WBGene00001892	wormcat_chroma_cof	V	8518052	9094971	22
his-19	WBGene00001893	wormcat_chroma_cof	V	8518052	9094971	22
his-2	WBGene00001876	wormcat_chroma_cof	V	15798789	16062762	29.5
his-20	WBGene00001894	wormcat_chroma_cof	V	8518052	9094971	22
his-21	WBGene00001895	wormcat_chroma_cof	V	8518052	9094971	22
his-22	WBGene00001896	wormcat_chroma_cof	V	8518052	9094971	22
his-24	WBGene00001898	wormcat_chroma_cof	X	14109613	14584352	38
his-25	WBGene00001899	wormcat_chroma_cof	II	13729563	13849732	38.5
his-26	WBGene00001900	wormcat_chroma_cof	II	13729563	13849732	38.5
his-27	WBGene00001901	wormcat_chroma_cof	V	8518052	9094971	22
his-28	WBGene00001902	wormcat_chroma_cof	V	8518052	9094971	22
his-29	WBGene00001903	wormcat_chroma_cof	IV	6786916	8377629	31
his-3	WBGene00001877	wormcat_chroma_cof	V	15798789	16062762	29.5
his-30	WBGene00001904	wormcat_chroma_cof	IV	6786916	8377629	31
his-31	WBGene00001905	wormcat_chroma_cof	IV	6786916	8377629	31
his-32	WBGene00001906	wormcat_chroma_cof	IV	6786916	8377629	31
his-33	WBGene00001907	wormcat_chroma_cof	IV	6786916	8377629	31
his-34	WBGene00001908	wormcat_chroma_cof	IV	6786916	8377629	31
his-35	WBGene00001909	wormcat_chroma_cof	V	9094972	10255272	22.5
his-37	WBGene00001911	wormcat_chroma_cof	V	9094972	10255272	22.5
his-38	WBGene00001912	wormcat_chroma_cof	X	6915607	7568436	19.5
his-39	WBGene00001913	wormcat_chroma_cof	V	8518052	9094971	22
his-4	WBGene00001878	wormcat_chroma_cof	V	15798789	16062762	29.5
his-40	WBGene00001914	wormcat_chroma_cof	X	6915607	7568436	19.5
his-41	WBGene00001915	wormcat_chroma_cof	V	9094972	10255272	22.5
his-42	WBGene00001916	wormcat_chroma_cof	II	13729563	13849732	38.5
his-43	WBGene00001917	wormcat_chroma_cof	II	13729563	13849732	38.5
his-44	WBGene00001918	wormcat_chroma_cof	II	13729563	13849732	38.5
his-45	WBGene00001919	wormcat_chroma_cof	IV	10911053	11712976	32.5
his-46	WBGene00001920	wormcat_chroma_cof	IV	10911053	11712976	32.5
his-47	WBGene00001921	wormcat_chroma_cof	IV	10911053	11712976	32.5
his-48	WBGene00001922	wormcat_chroma_cof	IV	10911053	11712976	32.5
his-49	WBGene00001923	wormcat_chroma_cof	V	8518052	9094971	22
his-5	WBGene00001879	wormcat_chroma_cof	V	8518052	9094971	22
his-50	WBGene00001924	wormcat_chroma_cof	V	8518052	9094971	22
his-51	WBGene00001925	wormcat_chroma_cof	V	8518052	9094971	22
his-52	WBGene00001926	wormcat_chroma_cof	V	8518052	9094971	22
his-53	WBGene00001927	wormcat_chroma_cof	V	8518052	9094971	22
his-54	WBGene00001928	wormcat_chroma_cof	V	8518052	9094971	22
his-55	WBGene00001929	wormcat_chroma_cof	IV	10911053	11712976	32.5
his-56	WBGene00001930	wormcat_chroma_cof	IV	10911053	11712976	32.5
his-57	WBGene00001931	wormcat_chroma_cof	IV	10911053	11712976	32.5
his-58	WBGene00001932	wormcat_chroma_cof	IV	10911053	11712976	32.5
his-59	WBGene00001933	wormcat_chroma_cof	IV	6786916	8377629	31
his-6	WBGene00001880	wormcat_chroma_cof	V	8518052	9094971	22
his-60	WBGene00001934	wormcat_chroma_cof	IV	6786916	8377629	31
his-61	WBGene00001935	wormcat_chroma_cof	IV	6786916	8377629	31
his-62	WBGene00001936	wormcat_chroma_cof	IV	6786916	8377629	31
his-63	WBGene00001937	wormcat_chroma_cof	IV	10911053	11712976	32.5
his-64	WBGene00001938	wormcat_chroma_cof	IV	10911053	11712976	32.5
his-65	WBGene00001939	wormcat_chroma_cof	IV	10911053	11712976	32.5
his-66	WBGene00001940	wormcat_chroma_cof	IV	10911053	11712976	32.5
his-67	WBGene00001941	wormcat_chroma_cof	I	9228602	9997141	26
his-68	WBGene00001942	wormcat_chroma_cof	I	9228602	9997141	26
his-69	WBGene00001943	wormcat_chroma_cof	III	3737095	4109980	23.5
his-7	WBGene00001881	wormcat_chroma_cof	V	8518052	9094971	22
his-70	WBGene00001944	wormcat_chroma_cof	III	3737095	4109980	23.5
his-71	WBGene00001945	wormcat_chroma_cof	X	7882727	8121022	20.5
his-72	WBGene00001946	wormcat_chroma_cof	III	12348700	12371763	44.5
his-73	WBGene00001947	wormcat_chroma_cof	II	13172964	13190375	33.5
his-74	WBGene00012276	wormcat_chroma_cof	V	12515290	13129831	25
his-8	WBGene00001882	wormcat_chroma_cof	V	8518052	9094971	22
his-9	WBGene00001883	wormcat_chroma_cof	II	13729563	13849732	38.5
htas-1	WBGene00014240	wormcat_chroma_cof	IV	9402397	10911052	32
htz-1	WBGene00019947	wormcat_chroma_cof	IV	4423515	4739190	28
ZC155.2	WBGene00022530	wormcat_chroma_cof	III	4971223	5366575	25.5
C01F6.9	WBGene00007223	wormcat_chroma_cof	IV	8377630	9402396	31.5
cec-4	WBGene00017990	wormcat_chroma_cof	IV	6786916	8377629	31
cec-5	WBGene00017993	wormcat_chroma_cof	IV	6786916	8377629	31
him-10	WBGene00001869	wormcat_chroma_cof	III	5366576	6408957	26
him-5	WBGene00001864	wormcat_chroma_cof	V	14010984	14523638	26.5
hira-1	WBGene00019627	wormcat_chroma_cof	III	4971223	5366575	25.5
hpl-1	WBGene00001995	wormcat_chroma_cof	X	13071563	13246432	31.5
morc-1	WBGene00022531	wormcat_chroma_cof	III	4971223	5366575	25.5
spch-1	WBGene00007307	wormcat_chroma_cof	IV	9402397	10911052	32
spch-2	WBGene00015689	wormcat_chroma_cof	I	6024097	6507969	23
unc-85	WBGene00006817	wormcat_chroma_cof	II	4697883	4820665	15
